3,41% off,UX
2,53% off,LB
3,41% off,AR
1,49% off,MW
0,42% off,TT
3,59% off,CP
2,55% off,ML
3,51% off,AT
3,43% off,AN
2,Buy 1 get 2 free,RQ
0,Buy 1 get 3 free,ZF
1,Buy 1 get 1 free,AA
3,Buy 1 get 2 free,LW
0,Buy 1 get 1 free,KB
3,Buy 1 get 2 free,FE
0,Buy 1 get 2 free,JZ
2,Buy 1 get 3 free,CL
3,Buy 1 get 2 free,UQ
1,Buy 1 get 2 free,RC
0,Buy 1 get 2 free,HU
1,41% off,VS
1,46% off,LM
2,51% off,PF
1,46% off,QN
2,49% off,QF
2,41% off,UQ
2,47% off,LK
0,44% off,BK
2,46% off,SK
1,52% off,FY
3,42% off,NO
2,44% off,AC
2,56% off,FP
2,42% off,XN
1,47% off,CW
0,58% off,KO
2,57% off,QW
3,58% off,RD
1,51% off,MS
0,47% off,TW
3,58% off,YV
2,42% off,QW
1,57% off,JA
1,52% off,JY
2,53% off,JZ
1,55% off,SC
1,43% off,IH
2,59% off,GT
2,57% off,AJ
2,42% off,IP
0,58% off,LQ
3,47% off,GN
2,51% off,CV
2,57% off,MN
2,41% off,IP
2,55% off,KU
0,49% off,UA
0,52% off,BP
0,46% off,FR
0,43% off,MK
2,48% off,OL
2,44% off,TW
2,52% off,BZ
3,44% off,RX
0,48% off,ID
3,49% off,EY
1,57% off,OP
3,55% off,BY
1,46% off,KO
0,51% off,UY
3,43% off,DQ
1,53% off,HQ
0,59% off,KR
0,56% off,IW
3,47% off,CT
3,48% off,KP
0,59% off,FV
1,Buy 1 get 2 free,RT
1,Buy 1 get 2 free,SK
1,Buy 1 get 1 free,XM
2,Buy 1 get 3 free,GW
0,Buy 1 get 1 free,JF
1,Buy 1 get 1 free,RR
3,Buy 1 get 2 free,GK
3,Buy 1 get 1 free,SZ
3,Buy 1 get 2 free,UM
2,Buy 1 get 1 free,RS
0,Buy 1 get 3 free,KM
0,57% off,MJ
0,45% off,BK
1,55% off,JC
0,55% off,YI
2,58% off,YO
3,47% off,SB
3,41% off,LA
3,55% off,VY
3,55% off,ZB
2,51% off,TR
0,56% off,UE
0,43% off,BI
2,52% off,HO
1,49% off,QB
1,56% off,LZ
0,52% off,RM
0,42% off,WE
0,48% off,HE
1,54% off,YM
1,46% off,LL
2,57% off,FR
1,42% off,FL
0,54% off,SQ
0,44% off,XZ
1,45% off,PE
1,41% off,RG
2,47% off,OV
1,42% off,QE
3,46% off,EI
3,55% off,PT
0,59% off,WT
1,43% off,LF
3,59% off,LX
0,58% off,TU
2,44% off,ER
1,48% off,DK
0,45% off,CK
2,58% off,GO
3,58% off,KD
0,Buy 1 get 1 free,EI
1,Buy 1 get 1 free,JD
2,Buy 1 get 3 free,ZL
3,Buy 1 get 2 free,LT
0,Buy 1 get 1 free,BI
3,Buy 1 get 3 free,DM
2,Buy 1 get 1 free,CL
2,Buy 1 get 3 free,SW
3,Buy 1 get 1 free,HG
0,Buy 1 get 3 free,JY
0,Buy 1 get 2 free,LN
0,Buy 1 get 2 free,GH
0,44% off,KJ
2,43% off,AX
3,54% off,WF
0,57% off,TN
3,44% off,HI
1,58% off,OC
1,45% off,LA
2,59% off,FN
1,49% off,LD
0,48% off,BY
0,55% off,FW
2,44% off,EI
0,48% off,FM
0,48% off,MV
1,57% off,EG
3,51% off,EN
3,51% off,WD
2,49% off,JD
3,42% off,HA
2,56% off,JW
3,56% off,TH
3,47% off,SS
0,49% off,EL
1,53% off,NV
2,45% off,RL
2,Buy 1 get 1 free,JE
2,Buy 1 get 1 free,RH
1,Buy 1 get 1 free,VZ
3,Buy 1 get 1 free,YB
0,Buy 1 get 1 free,XD
3,Buy 1 get 2 free,UZ
0,Buy 1 get 3 free,GD
1,Buy 1 get 2 free,UK
3,Buy 1 get 1 free,FX
3,Buy 1 get 1 free,DG
0,42% off,EV
2,52% off,EO
1,51% off,XS
1,49% off,FF
2,59% off,PN
1,54% off,IN
1,58% off,WS
0,54% off,DM
2,57% off,DT
0,48% off,XX
1,43% off,MC
0,58% off,VV
1,43% off,GI
0,52% off,VO
0,43% off,CB
2,55% off,GQ
0,43% off,OQ
3,49% off,SV
1,57% off,IH
3,52% off,GZ
0,41% off,OR
2,51% off,IX
1,48% off,KE
0,56% off,ID
3,48% off,YK
1,42% off,CL
0,42% off,DF
2,55% off,DD
2,42% off,PZ
3,47% off,TL
2,43% off,AQ
2,51% off,EQ
0,45% off,KO
1,46% off,TM
1,51% off,WZ
1,41% off,RS
2,48% off,KM
2,57% off,XK
0,45% off,IJ
0,59% off,BW
1,51% off,QJ
3,51% off,AH
0,44% off,OD
3,55% off,AW
3,46% off,GS
3,59% off,MP
1,54% off,OJ
2,41% off,MQ
3,55% off,EP
2,48% off,SF
3,53% off,MU
1,54% off,XZ
1,57% off,PQ
1,47% off,YP
3,58% off,BE
0,49% off,VV
0,45% off,BM
0,44% off,UK
2,41% off,KN
2,49% off,YE
3,Buy 1 get 2 free,UF
2,Buy 1 get 2 free,II
3,Buy 1 get 2 free,KL
1,Buy 1 get 1 free,UA
1,Buy 1 get 3 free,SN
2,Buy 1 get 2 free,WP
3,Buy 1 get 3 free,TC
2,Buy 1 get 1 free,VG
2,Buy 1 get 2 free,TB
3,47% off,YO
2,58% off,UM
0,45% off,JZ
1,49% off,RK
1,44% off,RX
3,42% off,UN
0,53% off,LE
0,51% off,NT
2,41% off,IY
3,55% off,JW
1,49% off,BJ
3,47% off,VE
3,58% off,WD
0,46% off,EB
1,45% off,XJ
2,43% off,UW
1,46% off,JD
2,42% off,KK
3,56% off,XZ
1,42% off,VB
3,58% off,DT
1,49% off,HB
0,51% off,HN
3,56% off,WK
2,57% off,KO
0,48% off,KI
3,54% off,CI
0,46% off,TR
0,48% off,RB
2,41% off,WV
1,55% off,YE
3,59% off,FV
2,53% off,GO
1,49% off,VD
2,Buy 1 get 1 free,IM
0,Buy 1 get 2 free,JW
0,Buy 1 get 2 free,EG
0,Buy 1 get 2 free,TH
0,Buy 1 get 2 free,AE
3,Buy 1 get 3 free,HK
2,Buy 1 get 3 free,YM
2,Buy 1 get 1 free,CC
2,Buy 1 get 1 free,IB
2,Buy 1 get 2 free,TT
0,Buy 1 get 3 free,PA
2,Buy 1 get 3 free,BB
1,Buy 1 get 3 free,ON
1,Buy 1 get 2 free,LD
2,Buy 1 get 3 free,DQ
2,Buy 1 get 1 free,NL
3,Buy 1 get 1 free,HP
1,Buy 1 get 1 free,FB
3,Buy 1 get 3 free,NV
0,Buy 1 get 3 free,NC
2,Buy 1 get 1 free,VD
1,41% off,RD
2,59% off,NZ
