Groceries,41% off,UX
Groceries,53% off,LB
Groceries,41% off,AR
Groceries,49% off,MW
Groceries,42% off,TT
Groceries,59% off,CP
Groceries,55% off,ML
Groceries,51% off,AT
Groceries,43% off,AN
Groceries,Buy 1 get 2 free,RQ
Groceries,Buy 1 get 3 free,ZF
Groceries,Buy 1 get 1 free,AA
Groceries,Buy 1 get 2 free,LW
Groceries,Buy 1 get 1 free,KB
Groceries,Buy 1 get 2 free,FE
Groceries,Buy 1 get 2 free,JZ
Groceries,Buy 1 get 3 free,CL
Groceries,Buy 1 get 2 free,UQ
Groceries,Buy 1 get 2 free,RC
Groceries,Buy 1 get 2 free,HU
Groceries,41% off,VS
Groceries,46% off,LM
Groceries,51% off,PF
Groceries,46% off,QN
Fuel,49% off,QF
Fuel,41% off,UQ
Fuel,47% off,LK
Fuel,44% off,BK
Fuel,46% off,SK
Fuel,52% off,FY
Fuel,42% off,NO
Fuel,44% off,AC
Fuel,56% off,FP
Fuel,42% off,XN
Fuel,47% off,CW
Fuel,58% off,KO
Fuel,57% off,QW
Fuel,58% off,RD
Fuel,51% off,MS
Fuel,47% off,TW
Fuel,58% off,YV
Fuel,42% off,QW
Fuel,57% off,JA
Fuel,52% off,JY
Fuel,53% off,JZ
Fuel,55% off,SC
Fuel,43% off,IH
Fuel,59% off,GT
Fuel,57% off,AJ
Fuel,42% off,IP
Fuel,58% off,LQ
Fuel,47% off,GN
Fuel,51% off,CV
Fuel,57% off,MN
Fuel,41% off,IP
Electricity,55% off,KU
Electricity,49% off,UA
Electricity,52% off,BP
Electricity,46% off,FR
Electricity,43% off,MK
Electricity,48% off,OL
Electricity,44% off,TW
Electricity,52% off,BZ
Electricity,44% off,RX
Electricity,48% off,ID
Electricity,49% off,EY
Electricity,57% off,OP
Electricity,55% off,BY
Electricity,46% off,KO
Electricity,51% off,UY
Electricity,43% off,DQ
Electricity,53% off,HQ
Electricity,59% off,KR
Electricity,56% off,IW
Electricity,47% off,CT
Electricity,48% off,KP
Electricity,59% off,FV
Electricity,Buy 1 get 2 free,RT
Electricity,Buy 1 get 2 free,SK
Electricity,Buy 1 get 1 free,XM
Electricity,Buy 1 get 3 free,GW
Electricity,Buy 1 get 1 free,JF
Electricity,Buy 1 get 1 free,RR
Electricity,Buy 1 get 2 free,GK
Electricity,Buy 1 get 1 free,SZ
Electricity,Buy 1 get 2 free,UM
Electricity,Buy 1 get 1 free,RS
Electricity,Buy 1 get 3 free,KM
Electricity,57% off,MJ
Electricity,45% off,BK
Electricity,55% off,JC
Groceries,55% off,YI
Groceries,58% off,YO
Groceries,47% off,SB
Groceries,41% off,LA
Groceries,55% off,VY
Groceries,55% off,ZB
Groceries,51% off,TR
Groceries,56% off,UE
Groceries,43% off,BI
Groceries,52% off,HO
Groceries,49% off,QB
Groceries,56% off,LZ
Groceries,52% off,RM
Groceries,42% off,WE
Groceries,48% off,HE
Electricity,54% off,YM
Electricity,46% off,LL
Electricity,57% off,FR
Electricity,42% off,FL
Electricity,54% off,SQ
Electricity,44% off,XZ
Electricity,45% off,PE
Electricity,41% off,RG
Electricity,47% off,OV
Electricity,42% off,QE
Electricity,46% off,EI
Electricity,55% off,PT
Electricity,59% off,WT
Electricity,43% off,LF
Electricity,59% off,LX
Electricity,58% off,TU
Electricity,44% off,ER
Electricity,48% off,DK
Electricity,45% off,CK
Electricity,58% off,GO
Electricity,58% off,KD
Electricity,Buy 1 get 1 free,EI
Electricity,Buy 1 get 1 free,JD
Electricity,Buy 1 get 3 free,ZL
Electricity,Buy 1 get 2 free,LT
Electricity,Buy 1 get 1 free,BI
Electricity,Buy 1 get 3 free,DM
Electricity,Buy 1 get 1 free,CL
Electricity,Buy 1 get 3 free,SW
Electricity,Buy 1 get 1 free,HG
Electricity,Buy 1 get 3 free,JY
Electricity,Buy 1 get 2 free,LN
Electricity,Buy 1 get 2 free,GH
Electricity,44% off,KJ
Electricity,43% off,AX
Electricity,54% off,WF
Electricity,57% off,TN
Electricity,44% off,HI
Electricity,58% off,OC
Electricity,45% off,LA
Electricity,59% off,FN
Electricity,49% off,LD
Electricity,48% off,BY
Electricity,55% off,FW
Electricity,44% off,EI
Electricity,48% off,FM
Electricity,48% off,MV
Electricity,57% off,EG
Electricity,51% off,EN
Electricity,51% off,WD
Groceries,49% off,JD
Groceries,42% off,HA
Groceries,56% off,JW
Fuel,56% off,TH
Fuel,47% off,SS
Fuel,49% off,EL
Fuel,53% off,NV
Fuel,45% off,RL
Fuel,Buy 1 get 1 free,JE
Fuel,Buy 1 get 1 free,RH
Fuel,Buy 1 get 1 free,VZ
Fuel,Buy 1 get 1 free,YB
Fuel,Buy 1 get 1 free,XD
Fuel,Buy 1 get 2 free,UZ
Fuel,Buy 1 get 3 free,GD
Fuel,Buy 1 get 2 free,UK
Fuel,Buy 1 get 1 free,FX
Fuel,Buy 1 get 1 free,DG
Fuel,42% off,EV
Fuel,52% off,EO
Fuel,51% off,XS
Electricity,49% off,FF
Electricity,59% off,PN
Electricity,54% off,IN
Electricity,58% off,WS
Electricity,54% off,DM
Electricity,57% off,DT
Electricity,48% off,XX
Electricity,43% off,MC
Electricity,58% off,VV
Electricity,43% off,GI
Electricity,52% off,VO
Electricity,43% off,CB
Electricity,55% off,GQ
Electricity,43% off,OQ
Electricity,49% off,SV
Electricity,57% off,IH
Electricity,52% off,GZ
Electricity,41% off,OR
Electricity,51% off,IX
Electricity,48% off,KE
Electricity,56% off,ID
Electricity,48% off,YK
Electricity,42% off,CL
Electricity,42% off,DF
Electricity,55% off,DD
Electricity,42% off,PZ
Electricity,47% off,TL
Electricity,43% off,AQ
Electricity,51% off,EQ
Electricity,45% off,KO
Electricity,46% off,TM
Electricity,51% off,WZ
Electricity,41% off,RS
Electricity,48% off,KM
Electricity,57% off,XK
Electricity,45% off,IJ
Electricity,59% off,BW
Electricity,51% off,QJ
Electricity,51% off,AH
Electricity,44% off,OD
Electricity,55% off,AW
Electricity,46% off,GS
Electricity,59% off,MP
Groceries,54% off,OJ
Groceries,41% off,MQ
Groceries,55% off,EP
Groceries,48% off,SF
Groceries,53% off,MU
Groceries,54% off,XZ
Groceries,57% off,PQ
Groceries,47% off,YP
Groceries,58% off,BE
Groceries,49% off,VV
Groceries,45% off,BM
Groceries,44% off,UK
Groceries,41% off,KN
Groceries,49% off,YE
Groceries,Buy 1 get 2 free,UF
Groceries,Buy 1 get 2 free,II
Groceries,Buy 1 get 2 free,KL
Groceries,Buy 1 get 1 free,UA
Groceries,Buy 1 get 3 free,SN
Electricity,Buy 1 get 2 free,WP
Electricity,Buy 1 get 3 free,TC
Electricity,Buy 1 get 1 free,VG
Electricity,Buy 1 get 2 free,TB
Electricity,47% off,YO
Electricity,58% off,UM
Electricity,45% off,JZ
Electricity,49% off,RK
Electricity,44% off,RX
Electricity,42% off,UN
Electricity,53% off,LE
Electricity,51% off,NT
Electricity,41% off,IY
Electricity,55% off,JW
Electricity,49% off,BJ
Electricity,47% off,VE
Electricity,58% off,WD
Electricity,46% off,EB
Electricity,45% off,XJ
Electricity,43% off,UW
Fuel,46% off,JD
Fuel,42% off,KK
Fuel,56% off,XZ
Fuel,42% off,VB
Fuel,58% off,DT
Fuel,49% off,HB
Fuel,51% off,HN
Fuel,56% off,WK
Fuel,57% off,KO
Fuel,48% off,KI
Fuel,54% off,CI
Electricity,46% off,TR
Electricity,48% off,RB
Electricity,41% off,WV
Electricity,55% off,YE
Electricity,59% off,FV
Electricity,53% off,GO
Electricity,49% off,VD
Electricity,Buy 1 get 1 free,IM
Electricity,Buy 1 get 2 free,JW
Electricity,Buy 1 get 2 free,EG
Electricity,Buy 1 get 2 free,TH
Electricity,Buy 1 get 2 free,AE
Electricity,Buy 1 get 3 free,HK
Electricity,Buy 1 get 3 free,YM
Electricity,Buy 1 get 1 free,CC
Electricity,Buy 1 get 1 free,IB
Fuel,Buy 1 get 2 free,TT
Fuel,Buy 1 get 3 free,PA
Fuel,Buy 1 get 3 free,BB
Fuel,Buy 1 get 3 free,ON
Fuel,Buy 1 get 2 free,LD
Fuel,Buy 1 get 3 free,DQ
Fuel,Buy 1 get 1 free,NL
Fuel,Buy 1 get 1 free,HP
Fuel,Buy 1 get 1 free,FB
Fuel,Buy 1 get 3 free,NV
Fuel,Buy 1 get 3 free,NC
Fuel,Buy 1 get 1 free,VD
Fuel,41% off,RD
Fuel,59% off,NZ
